tuples,length,count,total
512,512,1,17675.169921875
1024,512,2,16967.69921875
640,64,10,16923.796875
1024,256,4,16873.107421875
2048,512,4,16751.056640625
2048,256,8,16719.927734375
1600,64,25,16698.98828125
3072,256,12,16674.361328125
4096,512,8,16671.046875
4096,256,16,16659.759765625
5120,512,10,16658.177734375
3200,64,50,16652.513671875
5120,256,20,16650.736328125
6400,256,25,16644.15625
4800,64,75,16639.6328125
6400,64,100,16627.689453125
